"","class","class.0","class.1","class.2","class.3","class.4","class.5"
"1",1,0.791684476123091,0.154947983453122,0.0353346368797164,0.0112397667781943,0.00437250194617356,0.00011001740286265
"2",2,0.287969942014226,0.3185030129282,0.17305360494644,0.0965831919688453,0.059341355904877,0.00762188241175044
"3",3,0.105560342100143,0.268307664261264,0.220503474307123,0.154238954136917,0.110293097064965,0.0181661745952704
"4",4,0.0272504423654076,0.168877671473261,0.220090912977577,0.195585971119912,0.161481071404552,0.0274804884000157
"5",5,0.000376979724234147,0.0298248225670299,0.133825310199532,0.223588079097065,0.254888283228739,0.0227905967509694
