Time,TotalSites,TotalPopulation,PopulationDensity,TotalForage,MeanForage,TotalK,TotalEffectivePopulation,TotalSitesDamaged,AverageBiomassRemoved,AverageBiomassKilled,TotalCohortsKilled,BDI,
1, 140433, 2179, 4.31008222980195, 9531684, 18, 4096, 2179, 139801, 10, 15, 16778, 0.531965977890161, 
2, 140433, 2125, 4.2032697284668, 9180338, 18, 3945, 2125, 139772, 9, 15, 16417, 0.538637422717987, 
3, 140433, 2206, 4.36348848046953, 9003322, 17, 3869, 2206, 139620, 10, 15, 14658, 0.57016274659509, 
4, 140433, 2179, 4.31008222980195, 8877732, 17, 3815, 2179, 139591, 10, 14, 13456, 0.571151686038732, 
