Time,EcoName,NumActiveSites,AboveGroundBiomass_ABBA,AboveGroundBiomass_ACRU,AboveGroundBiomass_ACSA3,AboveGroundBiomass_ACSP2,AboveGroundBiomass_ALIN2,AboveGroundBiomass_BEAL2,AboveGroundBiomass_BEPA,AboveGroundBiomass_CRDO2,AboveGroundBiomass_FRNI,AboveGroundBiomass_LALA,AboveGroundBiomass_PIGL,AboveGroundBiomass_PIMA,AboveGroundBiomass_PIBA2,AboveGroundBiomass_PIRE,AboveGroundBiomass_PIST,AboveGroundBiomass_POBA2,AboveGroundBiomass_POGR4,AboveGroundBiomass_POTR5,AboveGroundBiomass_PRVI,AboveGroundBiomass_QURU,AboveGroundBiomass_SODE3,AboveGroundBiomass_THOC2,AboveGroundBiomass_Shrub,
0, inactiv, 0, NaN, NaN, NaN, NaN, NaN, NaN, NaN, NaN, NaN, NaN, NaN, NaN, NaN, NaN, NaN, NaN, NaN, NaN, NaN, NaN, NaN, NaN, NaN, 
0, eco1, 140433, 476.319070303988, 57.1455427143193, 903.282654361867, 5.72790583409882, 46.2576459948872, 1098.93498679085, 2327.73736942172, 2.68503129606289, 15.9258863657402, 75.1925117315731, 1356.20120626918, 407.950018870209, 101.148355443521, 7.70177949627224, 228.22053221109, 65.5042974229704, 123.800018514167, 2834.25068894063, 2.33167417914593, 2.92008288650104, 35.9006643737583, 1207.70710587967, 69.0897865886223, 
10, inactiv, 0, NaN, NaN, NaN, NaN, NaN, NaN, NaN, NaN, NaN, NaN, NaN, NaN, NaN, NaN, NaN, NaN, NaN, NaN, NaN, NaN, NaN, NaN, NaN, 
10, eco1, 140433, 539.982233520611, 61.3072354788404, 885.202673160867, 5.81881751440189, 73.2771713201313, 1044.75110550939, 2315.49830168123, 3.84770673559633, 19.9544836327644, 82.0387515754844, 1475.34525360848, 524.315623820612, 107.901056019597, 7.88487036522755, 226.123090726539, 66.1098673388733, 75.2842779118868, 2680.4770103893, 2.49519699785663, 2.9954426666097, 43.5679647945996, 1228.47874787265, 68.2194356027429, 
20, inactiv, 0, NaN, NaN, NaN, NaN, NaN, NaN, NaN, NaN, NaN, NaN, NaN, NaN, NaN, NaN, NaN, NaN, NaN, NaN, NaN, NaN, NaN, NaN, NaN, 
20, eco1, 140433, 597.764784630393, 74.349497625202, 869.688050529434, 5.53594240669928, 109.673687808421, 998.193793481589, 2320.99829099998, 5.37728311721604, 25.7038587796316, 91.3073850163423, 1578.37765340055, 624.766842551252, 112.814680310184, 8.03677910462641, 221.974080166343, 68.2822199910277, 14.8101728226272, 2612.7175521423, 2.95602885361703, 3.30581131215597, 44.8268925395028, 1247.69593329203, 62.3152606581074, 
