Time,PopulationZone,TotalSites,TotalPopulation,PopulationDensity,TotalForage,TotalK,TotalEffectivePopulation,TotalSitesDamaged,AverageBiomassRemoved,AverageBiomassKilled,TotalCohortsKilled,
1, 1, 565096, 1596, 3.13810986687808, 5552462, 2386, 1596, 564768, 7, 8, 5894, 
2, 1, 565096, 1575, 3.09681894757705, 5077106, 2181, 1575, 564768, 7, 8, 8270, 
3, 1, 565096, 1546, 3.03979815425658, 5683936, 2442, 1546, 565090, 7, 8, 12753, 
4, 1, 565096, 1665, 3.27378003029574, 6183619, 2657, 1665, 565093, 7, 9, 18529, 
5, 1, 565096, 1813, 3.56478269965536, 6766622, 2907, 1813, 565094, 8, 11, 24319, 
6, 1, 565096, 1971, 3.87544771153928, 7249032, 3115, 1971, 565096, 9, 12, 30811, 
7, 1, 565096, 1994, 3.92067109934517, 7559131, 3248, 1994, 565096, 9, 12, 35029, 
